name;score
ISIC_0026238_mask.png;0.38775868640742595
ISIC_0027413_mask.png;0.6624514470955871
ISIC_0028373_mask.png;0.7576896706622219
ISIC_0029754_mask.png;0.8521529277276769
ISIC_0033091_mask.png;0.003717259521903237
ISIC_0025354_mask.png;0.11751258969926894
ISIC_0032260_mask.png;0.0
ISIC_0033568_mask.png;0.5727207478316514
ISIC_0026982_mask.png;0.8573912634819184
ISIC_0030634_mask.png;0.7644406549416882
ISIC_0027952_mask.png;0.2718721220891988
ISIC_0024482_mask.png;0.8273387248448373
ISIC_0031908_mask.png;0.8604531526090944
ISIC_0027015_mask.png;0.22021227987386052
ISIC_0028861_mask.png;0.8150742265575619
ISIC_0024838_mask.png;0.2963291523025614
ISIC_0031577_mask.png;0.5310587058437098
ISIC_0028900_mask.png;0.8697669550655875
ISIC_0033965_mask.png;0.03947697861352247
ISIC_0028151_mask.png;0.013901320101114127
ISIC_0030276_mask.png;0.06473043653188493
ISIC_0032927_mask.png;0.010888342145212794
ISIC_0025594_mask.png;0.6924626764078595
ISIC_0027876_mask.png;0.311752087241851
ISIC_0026767_mask.png;0.1273349098964258
ISIC_0029350_mask.png;0.086044759616646
ISIC_0024523_mask.png;0.7358228970157056
ISIC_0030157_mask.png;0.7956939674050851
ISIC_0026597_mask.png;0.9078360258371425
ISIC_0029174_mask.png;0.04398130700233663
ISIC_0024778_mask.png;0.3981864219706971
ISIC_0030729_mask.png;0.09104968825764226
ISIC_0032787_mask.png;0.0592146626783775
ISIC_0028562_mask.png;0.26304026939382613
ISIC_0028553_mask.png;0.2492113682573855
ISIC_0027222_mask.png;0.19408316989711988
ISIC_0030563_mask.png;0.7844853976611768
ISIC_0032014_mask.png;0.4848880142442133
ISIC_0029340_mask.png;0.015992818193908763
ISIC_0027049_mask.png;0.06714531448657543
ISIC_0024397_mask.png;0.4830062964569343
ISIC_0030465_mask.png;0.7296796105041637
ISIC_0025533_mask.png;0.008639092856785689
ISIC_0032604_mask.png;0.2746041443918334
ISIC_0024361_mask.png;0.005796172954416333
ISIC_0025370_mask.png;0.014019898969851974
ISIC_0026524_mask.png;0.046862583402054125
ISIC_0024767_mask.png;0.12657500138766642
ISIC_0024719_mask.png;0.0064608598141945835
ISIC_0030511_mask.png;0.2053736274414537
ISIC_0030252_mask.png;0.031819149770799006
ISIC_0026467_mask.png;0.01016100684200615
ISIC_0030432_mask.png;0.7694088713608366
ISIC_0024363_mask.png;0.034022979873835985
ISIC_0034178_mask.png;0.8284484226400408
ISIC_0033611_mask.png;0.09866256191057737
ISIC_0030552_mask.png;0.7815645269514649
ISIC_0029748_mask.png;0.5158114825451321
ISIC_0028714_mask.png;0.01499966267625166
ISIC_0025879_mask.png;0.004410732783105557
ISIC_0031526_mask.png;0.7989114562591265
ISIC_0031796_mask.png;0.8055183697753979
ISIC_0032649_mask.png;0.007975870562160587
ISIC_0033165_mask.png;0.4184947893434978
ISIC_0027858_mask.png;0.8512826092870162
ISIC_0029385_mask.png;0.01554553341710046
ISIC_0033565_mask.png;0.06633277821316615
ISIC_0030173_mask.png;0.18287326992963737
ISIC_0025835_mask.png;0.0546361128792701
ISIC_0026666_mask.png;0.6582754023027061
ISIC_0031805_mask.png;0.1666910659937589
ISIC_0032818_mask.png;0.8038925600815333
ISIC_0030267_mask.png;0.2179390359825216
ISIC_0029310_mask.png;0.09433482810164424
ISIC_0031724_mask.png;0.058825974261510906
ISIC_0029091_mask.png;0.0034018310075027195
ISIC_0026964_mask.png;0.0005321771523826667
ISIC_0025832_mask.png;0.5325002854088612
ISIC_0027744_mask.png;0.20143155025961823
ISIC_0030646_mask.png;0.21121849493228093
ISIC_0031880_mask.png;0.02400530454295144
ISIC_0026176_mask.png;0.8105110515445797
ISIC_0033464_mask.png;0.802554475595635
ISIC_0025866_mask.png;0.03566276766695317
ISIC_0024381_mask.png;0.7552200909903725
ISIC_0029393_mask.png;0.49865951742627346
ISIC_0033536_mask.png;0.08874984664458349
ISIC_0030176_mask.png;0.3661010055184228
ISIC_0034182_mask.png;0.6292808938422335
ISIC_0026777_mask.png;0.4316498973575672
ISIC_0028851_mask.png;0.7494777438534469
ISIC_0031147_mask.png;0.05218535520433034
ISIC_0033169_mask.png;0.9193132214569794
ISIC_0026288_mask.png;0.22623318385650223
ISIC_0029976_mask.png;0.8208624708624709
ISIC_0034233_mask.png;0.9275006240885023
ISIC_0030337_mask.png;0.3239323397668384
ISIC_0033729_mask.png;0.04156968856174305
ISIC_0027164_mask.png;0.7556658987609738
ISIC_0032235_mask.png;0.2660007855900342
ISIC_0024553_mask.png;0.37835210575107814
ISIC_0026922_mask.png;0.03175637468028296
ISIC_0026350_mask.png;0.46234214794918765
ISIC_0026570_mask.png;0.3145640262463641
ISIC_0034188_mask.png;0.015419685744524953
ISIC_0028765_mask.png;0.26268705878830073
ISIC_0026636_mask.png;0.8638013035053725
ISIC_0030165_mask.png;0.017394050828529854
ISIC_0032464_mask.png;0.31213250548555066
ISIC_0031726_mask.png;0.018716386609891122
ISIC_0029232_mask.png;0.24028314749444352
ISIC_0028355_mask.png;0.21038617673053014
ISIC_0026923_mask.png;0.3172682558888697
ISIC_0033273_mask.png;0.01518701629689421
ISIC_0029060_mask.png;0.1360400324385331
ISIC_0029017_mask.png;0.0483622733076949
ISIC_0028840_mask.png;0.7322031053294167
ISIC_0025476_mask.png;0.08934951935295789
ISIC_0028329_mask.png;0.3629120560855933
ISIC_0025826_mask.png;0.7854912854298287
ISIC_0033952_mask.png;0.7911324167550277
ISIC_0025538_mask.png;0.7263788055821769
ISIC_0028036_mask.png;0.9112734359599957
ISIC_0029306_mask.png;0.7935014483641345
ISIC_0024438_mask.png;0.5012417403755799
ISIC_0033435_mask.png;0.8076427339566125
ISIC_0029064_mask.png;0.1632856051495004
ISIC_0025540_mask.png;0.03065357643758766
ISIC_0029258_mask.png;0.41020796825167544
ISIC_0026663_mask.png;0.7263808842707501
ISIC_0033493_mask.png;0.02768050692012673
ISIC_0027977_mask.png;0.634583376677416
ISIC_0032490_mask.png;0.37528285562161684
ISIC_0027825_mask.png;0.4017255939436062
ISIC_0029123_mask.png;0.050310235687932914
ISIC_0027916_mask.png;0.7473961347066311
ISIC_0030975_mask.png;0.0964255280979504
ISIC_0026470_mask.png;0.831122024634639
ISIC_0027464_mask.png;0.15336657416390287
ISIC_0026332_mask.png;0.18304874448293776
ISIC_0027302_mask.png;0.7605106680657573
ISIC_0027656_mask.png;0.13535368633459138
ISIC_0025375_mask.png;0.06465804011272828
ISIC_0032488_mask.png;0.7694999482348069
ISIC_0024746_mask.png;0.9086141217909429
ISIC_0030005_mask.png;0.7307961989113387
ISIC_0031269_mask.png;0.12813775472064826
ISIC_0030339_mask.png;0.4587643892958589
ISIC_0029476_mask.png;0.06872583946031986
ISIC_0030943_mask.png;0.7737435195852534
ISIC_0025126_mask.png;0.6595995288574794
ISIC_0025706_mask.png;0.2551142796291937
ISIC_0028750_mask.png;0.740246469339808
ISIC_0030519_mask.png;0.7356025384328232
ISIC_0030226_mask.png;0.06478788448875929
ISIC_0025602_mask.png;0.07972839653806485
ISIC_0024333_mask.png;0.6047797814573976
ISIC_0029937_mask.png;0.749580105788273
ISIC_0028336_mask.png;0.7267729096005823
ISIC_0025848_mask.png;0.7755649949894554
ISIC_0029686_mask.png;0.416453720986594
ISIC_0025371_mask.png;0.6337254901960784
ISIC_0027461_mask.png;0.657510395010395
ISIC_0029413_mask.png;0.18487691383968777
ISIC_0024794_mask.png;0.367479674796748
ISIC_0030974_mask.png;0.8348093650762343
ISIC_0027204_mask.png;0.7767767224950808
ISIC_0031680_mask.png;0.17078894365328778
ISIC_0029273_mask.png;0.4565969627215928
ISIC_0027995_mask.png;0.054941629831123204
ISIC_0031911_mask.png;0.02912556053811659
ISIC_0029882_mask.png;0.7638656794701341
ISIC_0032555_mask.png;0.17713898649506796
ISIC_0026320_mask.png;0.12316517189835575
ISIC_0030338_mask.png;0.000812705292743219
ISIC_0030392_mask.png;0.765762841884755
ISIC_0025846_mask.png;0.006712203199384961
ISIC_0029641_mask.png;0.03872696516519214
ISIC_0024741_mask.png;0.2561287269285376
ISIC_0027991_mask.png;0.3406069792483482
ISIC_0025509_mask.png;0.0521460843373494
ISIC_0030954_mask.png;0.18570691550211973
ISIC_0031376_mask.png;0.6278432047902288
ISIC_0028941_mask.png;0.32049126935765165
ISIC_0028752_mask.png;0.8772705352837165
ISIC_0032215_mask.png;0.7829309738661666
ISIC_0030045_mask.png;0.5928005469073956
ISIC_0024832_mask.png;0.01099341158074389
ISIC_0033450_mask.png;0.9328626565000471
ISIC_0026855_mask.png;0.7285720757452206
ISIC_0027384_mask.png;0.2768236968244458
ISIC_0030570_mask.png;0.8322851480204123
ISIC_0030373_mask.png;0.09398586444516474
ISIC_0033092_mask.png;0.9531294303290309
ISIC_0034159_mask.png;0.8919809517906763
ISIC_0025311_mask.png;0.894997424778614
ISIC_0028284_mask.png;0.10264800361992305
ISIC_0031510_mask.png;0.8056696407496577
ISIC_0029337_mask.png;0.2780252426675258
ISIC_0034092_mask.png;0.18333575360730836
ISIC_0033172_mask.png;0.8976344368253552
ISIC_0027754_mask.png;0.4840630354658858
ISIC_0029366_mask.png;0.0411987398208393
ISIC_0024619_mask.png;0.4627205931816993
ISIC_0031783_mask.png;0.03786009757183402
ISIC_0032677_mask.png;0.85603214298413
ISIC_0031663_mask.png;0.0138129297323889
ISIC_0026580_mask.png;0.613089681199722
ISIC_0027997_mask.png;0.008571257690956258
ISIC_0024845_mask.png;0.6793816767958929
ISIC_0031109_mask.png;0.6573163073058405
ISIC_0025413_mask.png;0.7746697555205048
ISIC_0027907_mask.png;0.5722590768327696
ISIC_0034006_mask.png;0.7755209349265985
ISIC_0028777_mask.png;0.035677412395598976
ISIC_0025811_mask.png;0.47686407858694624
ISIC_0027984_mask.png;0.7864516661849115
ISIC_0026721_mask.png;0.12400151152915119
ISIC_0028024_mask.png;0.8640151366613074
ISIC_0032415_mask.png;0.04227342249747276
ISIC_0029797_mask.png;0.02719923266648397
ISIC_0028534_mask.png;0.13319155139097055
ISIC_0032289_mask.png;0.05421204894932385
ISIC_0030651_mask.png;0.377274492814246
ISIC_0032887_mask.png;0.8062551641827586
ISIC_0028199_mask.png;0.8914147722541427
ISIC_0030383_mask.png;0.15045646657872414
ISIC_0032645_mask.png;0.21700078254465108
ISIC_0025099_mask.png;0.003563415599841626
ISIC_0025885_mask.png;0.10857978721254904
ISIC_0030713_mask.png;0.12308002780456084
ISIC_0027478_mask.png;0.07276746946375279
ISIC_0024698_mask.png;0.003754028850683876
ISIC_0033442_mask.png;0.8074970981177595
ISIC_0027838_mask.png;0.6367952048749108
ISIC_0027850_mask.png;0.19669088402184864
ISIC_0024592_mask.png;0.9469659939948327
ISIC_0028633_mask.png;0.13320443898150133
ISIC_0030497_mask.png;0.4568032251176094
ISIC_0027401_mask.png;0.7193861468270427
ISIC_0030172_mask.png;0.6284825613387397
ISIC_0025489_mask.png;0.7775682292138907
ISIC_0032580_mask.png;0.08380673324164324
ISIC_0025514_mask.png;0.01515751709705146
ISIC_0026686_mask.png;0.49784892097090183
ISIC_0024402_mask.png;0.0017495915750436464
ISIC_0031030_mask.png;0.3299178702207525
ISIC_0030753_mask.png;0.6905916621967936
ISIC_0027234_mask.png;0.5616723719474113
ISIC_0029513_mask.png;0.1526522264861061
ISIC_0026430_mask.png;0.7076113330098175
ISIC_0025665_mask.png;0.8860278319505503
ISIC_0032202_mask.png;0.7271308496644595
ISIC_0033851_mask.png;0.7644254832328337
ISIC_0032338_mask.png;0.00714899659927501
ISIC_0029904_mask.png;0.7794379333619684
ISIC_0030084_mask.png;0.13735002803214352
ISIC_0029086_mask.png;0.0552166285763446
ISIC_0026054_mask.png;0.8119517096041691
ISIC_0031398_mask.png;0.0
ISIC_0028503_mask.png;0.8798886282193406
ISIC_0024675_mask.png;0.008183769250725219
ISIC_0027966_mask.png;0.009826190625588253
ISIC_0024406_mask.png;0.03297904646219253
ISIC_0033343_mask.png;0.5435118517141226
ISIC_0028542_mask.png;0.018634852126899772
ISIC_0025596_mask.png;0.8782825378570059
ISIC_0028122_mask.png;0.005909256486016109
ISIC_0025956_mask.png;0.8521750971799252
ISIC_0032631_mask.png;0.823849585270905
ISIC_0029831_mask.png;0.3858924487571334
ISIC_0026454_mask.png;0.09998419659436608
ISIC_0030564_mask.png;0.6028195288784887
ISIC_0024977_mask.png;0.02672705666046324
ISIC_0030391_mask.png;0.05915417158746057
ISIC_0024901_mask.png;0.8193872680627647
ISIC_0030806_mask.png;0.26645724598069537
ISIC_0027243_mask.png;0.01948634386258652
ISIC_0028652_mask.png;0.21694302959588935
ISIC_0026096_mask.png;0.6735094311682062
ISIC_0034155_mask.png;0.19835660828639765
ISIC_0032190_mask.png;0.5290246574520132
ISIC_0026791_mask.png;0.15151674012274716
ISIC_0025161_mask.png;0.8990103772936568
ISIC_0029683_mask.png;0.35711585641542576
ISIC_0029554_mask.png;0.6091738248288677
ISIC_0027333_mask.png;0.6353982383284605
ISIC_0024809_mask.png;0.17188395777830237
ISIC_0030609_mask.png;0.03688385269121813
ISIC_0028345_mask.png;0.7745201753060299
ISIC_0027344_mask.png;0.5290884052736139
ISIC_0033761_mask.png;0.055106652017992995
ISIC_0033844_mask.png;0.0013012753250367629
ISIC_0031308_mask.png;0.8822208354664046
ISIC_0026293_mask.png;0.8239670729776792
ISIC_0025717_mask.png;0.6208069658787341
ISIC_0031119_mask.png;0.347214825860049
ISIC_0026882_mask.png;0.23442864515936002
ISIC_0025662_mask.png;0.017391954818319524
ISIC_0025325_mask.png;0.6281233575294402
ISIC_0024464_mask.png;0.8613208401603912
ISIC_0030678_mask.png;0.5236213676753122
ISIC_0026929_mask.png;0.8617458990135999
ISIC_0032836_mask.png;0.7894744779844809
ISIC_0026234_mask.png;0.8022673733804476
ISIC_0026209_mask.png;0.8100656135071882
ISIC_0027735_mask.png;0.016814012431355982
ISIC_0029659_mask.png;0.5788863672901704
ISIC_0033274_mask.png;0.8768709989407267
ISIC_0027439_mask.png;0.006885456161470698
ISIC_0028481_mask.png;0.22891692915307307
ISIC_0033894_mask.png;0.5058852957934379
ISIC_0026297_mask.png;0.09136309669637978
ISIC_0031835_mask.png;0.8413206828491291
ISIC_0024692_mask.png;0.8287727771979015
ISIC_0032692_mask.png;0.8387164933106674
ISIC_0032635_mask.png;0.03648961256881043
ISIC_0031530_mask.png;0.8306354042478032
ISIC_0032255_mask.png;0.03308284216805544
ISIC_0028217_mask.png;0.5704550228036486
ISIC_0025579_mask.png;0.02704925079144381
ISIC_0030163_mask.png;0.7625308461803805
ISIC_0026194_mask.png;0.18297319616006608
ISIC_0024404_mask.png;0.05298775882568478
ISIC_0028816_mask.png;0.24103136056549246
ISIC_0033150_mask.png;0.009606300432109282
ISIC_0026586_mask.png;0.017664125611559906
ISIC_0029198_mask.png;0.7681216033772624
ISIC_0029901_mask.png;0.8185261236595939
ISIC_0033047_mask.png;0.8913325122758753
ISIC_0031578_mask.png;0.3947558858488408
ISIC_0033534_mask.png;0.8587093923106174
ISIC_0033990_mask.png;0.08432840722495895
ISIC_0027684_mask.png;0.01295941636009774
ISIC_0028670_mask.png;0.036994388218623935
ISIC_0024932_mask.png;0.01957906146967165
ISIC_0033756_mask.png;0.008255053775219972
ISIC_0028338_mask.png;0.008405708483839676
ISIC_0025584_mask.png;0.735611166257423
ISIC_0027479_mask.png;0.030760875304553785
ISIC_0026165_mask.png;0.06394914266066704
ISIC_0034199_mask.png;0.0013705764644609522
ISIC_0033609_mask.png;0.07998963577139473
ISIC_0029100_mask.png;0.639359560969155
ISIC_0029942_mask.png;0.010871277178192945
ISIC_0032376_mask.png;0.009593188268684957
ISIC_0033680_mask.png;0.07346534490695075
ISIC_0027416_mask.png;0.003181426219655596
ISIC_0024642_mask.png;0.0027198065237210617
ISIC_0032929_mask.png;0.4920039067159728
ISIC_0032528_mask.png;0.0453935641066844
ISIC_0032075_mask.png;0.8251053457820375
ISIC_0030813_mask.png;0.26677721091618223
ISIC_0030524_mask.png;0.47914999310059336
ISIC_0027162_mask.png;0.4406160422525974
ISIC_0032957_mask.png;0.011772224277689954
ISIC_0028719_mask.png;0.11466109423188844
ISIC_0026144_mask.png;0.7052837231002508
ISIC_0026309_mask.png;0.7842631988973452
ISIC_0032567_mask.png;0.8846638445989431
ISIC_0030862_mask.png;0.021962190156867442
ISIC_0030118_mask.png;0.02780974081458274
ISIC_0029664_mask.png;0.007116001285664098
ISIC_0026002_mask.png;0.014110612855007474
ISIC_0031626_mask.png;0.0
ISIC_0030429_mask.png;0.14618611388047628
ISIC_0034253_mask.png;0.761008615773493
ISIC_0030554_mask.png;0.7282742993324185
ISIC_0025760_mask.png;0.8874351548990604
ISIC_0032952_mask.png;0.8100858460932753
ISIC_0025455_mask.png;0.5902028968203629
ISIC_0027943_mask.png;0.4226364834468852
ISIC_0029747_mask.png;0.16661752267736454
ISIC_0034116_mask.png;0.32323854468483787
ISIC_0030801_mask.png;0.3975967632971254
ISIC_0025376_mask.png;0.014316553175492108
ISIC_0033653_mask.png;0.21987720204280714
ISIC_0030041_mask.png;0.46421630914119144
ISIC_0030536_mask.png;0.3561078616741178
ISIC_0032217_mask.png;0.023785315380647282
ISIC_0034148_mask.png;0.05750780776057699
ISIC_0033840_mask.png;0.009400691854980008
ISIC_0025551_mask.png;0.10667697975868859
ISIC_0028482_mask.png;0.6156861709850715
ISIC_0025003_mask.png;0.6104897590855642
ISIC_0033391_mask.png;0.03945681733775802
ISIC_0026186_mask.png;0.0063812564304303095
ISIC_0026050_mask.png;0.8759287425045017
ISIC_0029617_mask.png;0.06051050826130593
ISIC_0032497_mask.png;0.0029888427857373326
ISIC_0025511_mask.png;0.0506743240868489
ISIC_0030367_mask.png;0.7726469961328827
ISIC_0027378_mask.png;0.709105707028893
ISIC_0026612_mask.png;0.08812362195896707
ISIC_0029295_mask.png;0.8494884002467785
ISIC_0033064_mask.png;0.08851409116133967
ISIC_0030757_mask.png;0.3697202288170797
ISIC_0027328_mask.png;0.4883926969316347
ISIC_0029574_mask.png;0.8387547672825564
ISIC_0031838_mask.png;0.022443308931075844
ISIC_0034063_mask.png;0.8789862020092543
ISIC_0032009_mask.png;0.021746888778881687
ISIC_0034180_mask.png;0.2864075490335471
ISIC_0025585_mask.png;0.7662254936655106
ISIC_0024637_mask.png;0.7069902658464167
ISIC_0033396_mask.png;0.152954500283131
ISIC_0032361_mask.png;0.7638509203572079
ISIC_0029859_mask.png;0.7014903873854841
ISIC_0029414_mask.png;0.0008150591888220454
ISIC_0026941_mask.png;0.04533020419145565
ISIC_0033089_mask.png;0.0031843156843156845
ISIC_0028855_mask.png;0.8583169809174416
ISIC_0033363_mask.png;0.06570369769266142
ISIC_0032465_mask.png;0.10722683044442036
ISIC_0033323_mask.png;0.1887924216438137
ISIC_0027918_mask.png;0.824343347639485
ISIC_0024651_mask.png;0.29712721761436933
ISIC_0025564_mask.png;0.23195405548953602
ISIC_0024765_mask.png;0.8424063800277393
ISIC_0034168_mask.png;0.8772824282665402
ISIC_0024396_mask.png;0.027127593931257316
ISIC_0029981_mask.png;0.11786140064355308
ISIC_0025127_mask.png;0.7063256378324871
ISIC_0029155_mask.png;0.7180581874930331
ISIC_0025537_mask.png;0.005108711442545155
ISIC_0026171_mask.png;0.5055780119211576
ISIC_0028951_mask.png;0.01811520989095699
ISIC_0032296_mask.png;0.8293433719585123
ISIC_0026051_mask.png;0.35678359919136154
ISIC_0028158_mask.png;0.04223770780158831
ISIC_0029566_mask.png;0.5465775594524095
ISIC_0033141_mask.png;0.8247045046026472
ISIC_0024479_mask.png;0.014739737495141568
ISIC_0033177_mask.png;0.028356695808970142
ISIC_0027498_mask.png;0.8167863835103061
ISIC_0025294_mask.png;0.8155887230514096
ISIC_0027723_mask.png;0.16324296044395448
ISIC_0029257_mask.png;0.6876697146023829
ISIC_0024971_mask.png;0.09032997250229148
ISIC_0026540_mask.png;0.007782537930518399
ISIC_0027586_mask.png;0.5578720466142368
ISIC_0027099_mask.png;0.01340749099897899
ISIC_0024485_mask.png;0.08360895286999354
ISIC_0032963_mask.png;0.3160938657634909
ISIC_0027582_mask.png;0.6810271239467568
ISIC_0028721_mask.png;0.03164702280728609
ISIC_0026385_mask.png;0.2949809231808419
ISIC_0033405_mask.png;0.9062087371821885
ISIC_0032429_mask.png;0.039480476103722593
ISIC_0026489_mask.png;0.7601454614922766
ISIC_0033733_mask.png;0.8264863849765258
ISIC_0033768_mask.png;0.050223685636653796
ISIC_0031428_mask.png;0.5354001486620417
ISIC_0031828_mask.png;0.8355431041035497
ISIC_0033883_mask.png;0.09847452049642723
ISIC_0028916_mask.png;0.8844619163169424
ISIC_0027897_mask.png;0.40893198759812655
ISIC_0030156_mask.png;0.032523273638165026
ISIC_0033674_mask.png;0.06344015121543804
ISIC_0033835_mask.png;0.00045680641559232567
ISIC_0024451_mask.png;0.572007554891005
ISIC_0033265_mask.png;0.006794199690390901
ISIC_0032339_mask.png;0.8151985631610457
ISIC_0030638_mask.png;0.4682366584987187
ISIC_0032958_mask.png;0.6546518827038892
ISIC_0031527_mask.png;0.050195967323039145
ISIC_0029376_mask.png;0.882684660333881
ISIC_0031976_mask.png;0.6625624285456405
ISIC_0033112_mask.png;0.9316451842078555
ISIC_0025357_mask.png;0.009948389459640258
ISIC_0033018_mask.png;0.009010121419617968
ISIC_0032308_mask.png;0.8685615720012564
ISIC_0027698_mask.png;0.6958234282828002
ISIC_0026561_mask.png;0.0024137531619792775
ISIC_0030155_mask.png;0.033944565309524485
ISIC_0024455_mask.png;0.07941952309428266
ISIC_0028820_mask.png;0.2104667546015948
ISIC_0026600_mask.png;0.558397188735419
ISIC_0027139_mask.png;0.02182402940500804
ISIC_0030547_mask.png;0.9087878595466379
ISIC_0027755_mask.png;0.7920635365307037
ISIC_0030384_mask.png;0.17237588480105298
ISIC_0027386_mask.png;0.5579671150971599
ISIC_0027763_mask.png;0.5523251388994597
ISIC_0028410_mask.png;0.02150268196233507
ISIC_0029212_mask.png;0.6882960251135498
ISIC_0028907_mask.png;0.8165316209280865
ISIC_0029438_mask.png;0.049821385153459144
ISIC_0031170_mask.png;0.6748553720558553
ISIC_0024634_mask.png;0.07044224738610765
ISIC_0025757_mask.png;0.8480668732368312
ISIC_0029672_mask.png;0.1900137533952154
ISIC_0029564_mask.png;0.024801401606756462
ISIC_0027004_mask.png;0.11857181022188942
ISIC_0030486_mask.png;0.559515470165524
ISIC_0033642_mask.png;0.909505058160609
ISIC_0027199_mask.png;0.3024756159468504
ISIC_0029474_mask.png;0.3151258922386531
ISIC_0028009_mask.png;0.024495573952621582
ISIC_0032031_mask.png;0.06801601837767361
ISIC_0029621_mask.png;0.28626927052817386
ISIC_0025486_mask.png;0.7085292364744057
ISIC_0034239_mask.png;0.9071637970188695
ISIC_0024458_mask.png;0.013220797399731907
ISIC_0032552_mask.png;0.840297756764913
ISIC_0029688_mask.png;0.21067090201178892
ISIC_0026034_mask.png;0.044663293269970955
ISIC_0033123_mask.png;0.01950859710456894
ISIC_0031239_mask.png;0.05472235230325586
ISIC_0025820_mask.png;0.26680502277631263
ISIC_0030379_mask.png;0.8058065207299218
ISIC_0033411_mask.png;0.7110030148716779
ISIC_0025991_mask.png;0.07190429205722743
ISIC_0033079_mask.png;0.8920001387058742
ISIC_0028238_mask.png;0.46285912654989475
ISIC_0027414_mask.png;0.011932835290995997
ISIC_0031123_mask.png;0.0005580357142857143
ISIC_0032945_mask.png;0.022377622377622378
ISIC_0026478_mask.png;0.17168156841005203
ISIC_0031009_mask.png;0.4741886217545808
ISIC_0025891_mask.png;0.00665771992718002
ISIC_0029280_mask.png;0.48096644255214305
ISIC_0028502_mask.png;0.5046882462858532
ISIC_0032874_mask.png;0.7890879067181155
ISIC_0033753_mask.png;0.6491291474958647
ISIC_0027191_mask.png;0.1736040267704001
ISIC_0024616_mask.png;0.18302843759396117
ISIC_0032885_mask.png;0.02202664592045123
ISIC_0024883_mask.png;0.0038767575387675755
ISIC_0032971_mask.png;0.6696479690522243
ISIC_0026403_mask.png;0.001388986259113853
ISIC_0030905_mask.png;0.42667099286177806
ISIC_0024939_mask.png;0.2402077156882171
ISIC_0025793_mask.png;0.06474445113757472
ISIC_0028051_mask.png;0.328257476220957
ISIC_0033948_mask.png;0.8508344529517458
ISIC_0024905_mask.png;0.1401241819097164
ISIC_0026070_mask.png;0.5436909198327576
ISIC_0029276_mask.png;0.7985377236193933
ISIC_0028524_mask.png;0.06989080031039252
ISIC_0029006_mask.png;0.7078215704246869
ISIC_0025487_mask.png;0.6494412942358324
ISIC_0024611_mask.png;0.8741581368714902
ISIC_0034102_mask.png;0.04935293191069549
ISIC_0026733_mask.png;0.8303871389596627
ISIC_0030978_mask.png;0.6304103734289543
ISIC_0024444_mask.png;0.01906077658343723
ISIC_0030313_mask.png;0.02160337931627961
ISIC_0030195_mask.png;0.8253905494930325
ISIC_0033637_mask.png;0.016995980932797458
ISIC_0032811_mask.png;0.01576385869357927
ISIC_0024593_mask.png;0.7973056604450504
ISIC_0033392_mask.png;0.8492069240240457
ISIC_0027903_mask.png;0.6957054245189839
ISIC_0031501_mask.png;0.08366144763295778
ISIC_0030762_mask.png;0.8542988405162985
ISIC_0027624_mask.png;0.832150173059264
ISIC_0028929_mask.png;0.4489813349124825
ISIC_0025006_mask.png;0.7602943074738608
ISIC_0033580_mask.png;0.014694972535913134
ISIC_0024602_mask.png;0.030153027697659138
ISIC_0026445_mask.png;0.01772979742343951
ISIC_0030700_mask.png;0.4924374658206417
ISIC_0031381_mask.png;0.007060409777073255
ISIC_0025149_mask.png;0.757142650483892
ISIC_0025423_mask.png;0.00517207081758504
ISIC_0034049_mask.png;0.8931556948798328
ISIC_0033371_mask.png;0.8393049996823582
ISIC_0033428_mask.png;0.27291026684520525
ISIC_0033373_mask.png;0.9169845306208942
ISIC_0033614_mask.png;0.049204947663142325
ISIC_0028512_mask.png;0.18137521538853618
ISIC_0025779_mask.png;0.01399492520469213
ISIC_0029495_mask.png;0.015239013669137352
ISIC_0030371_mask.png;0.002221900942786051
ISIC_0026042_mask.png;0.019062962962962962
ISIC_0027370_mask.png;0.9077250057869153
ISIC_0032997_mask.png;0.019728462845724316
ISIC_0033659_mask.png;0.19982210462191627
ISIC_0030248_mask.png;0.7299261598476756
ISIC_0032295_mask.png;0.15075917854713186
ISIC_0032823_mask.png;0.8908418193253135
ISIC_0027766_mask.png;0.7733897847040807
ISIC_0032551_mask.png;0.7992613034217181
ISIC_0031748_mask.png;0.8171374444417459
ISIC_0028650_mask.png;0.5672755873938758
ISIC_0031523_mask.png;0.18458773326158928
ISIC_0026041_mask.png;0.8151265059424591
ISIC_0031220_mask.png;0.15766417596295518
ISIC_0025742_mask.png;0.7237784172269424
ISIC_0025676_mask.png;0.579660651243076
ISIC_0031781_mask.png;0.841303788729916
ISIC_0027067_mask.png;0.1085985683548181
ISIC_0029308_mask.png;0.7735617016310739
ISIC_0024884_mask.png;0.039218404066816266
ISIC_0025781_mask.png;0.5135706950521918
ISIC_0033351_mask.png;0.0411929234127706
ISIC_0029850_mask.png;0.13772185857253655
ISIC_0034074_mask.png;0.06556633933598634
ISIC_0030274_mask.png;0.029788847548403916
ISIC_0026005_mask.png;0.8440696179456182
ISIC_0027661_mask.png;0.3360216863468469
ISIC_0028727_mask.png;0.8263761322607208
ISIC_0029191_mask.png;0.7610636797994831
ISIC_0026642_mask.png;0.8479502639702277
ISIC_0024750_mask.png;0.11536636134997066
ISIC_0034284_mask.png;0.791365793887772
ISIC_0028332_mask.png;0.7991605934409162
ISIC_0024500_mask.png;0.009091554797925989
ISIC_0031392_mask.png;0.8042867129746695
ISIC_0025823_mask.png;0.8354279185708351
ISIC_0024718_mask.png;0.004763908508911664
ISIC_0033327_mask.png;0.8445016268634498
ISIC_0032909_mask.png;0.7771133357303711
ISIC_0033271_mask.png;0.1330660243271144
ISIC_0033030_mask.png;0.06010254569117367
ISIC_0028867_mask.png;0.057936137217167095
ISIC_0028738_mask.png;0.725335234512469
ISIC_0025775_mask.png;0.22975750102753803
ISIC_0033178_mask.png;0.49415596857635563
ISIC_0034177_mask.png;0.14013395927398858
ISIC_0024795_mask.png;0.2348194710015308
ISIC_0027591_mask.png;0.1800519441693604
ISIC_0029309_mask.png;0.8396832947169753
ISIC_0027971_mask.png;0.8298962226564723
ISIC_0030709_mask.png;0.003169536567406848
ISIC_0026232_mask.png;0.010050933243920743
ISIC_0026685_mask.png;0.030831109245209463
ISIC_0029936_mask.png;0.31423956729143976
ISIC_0028874_mask.png;0.7212064294144047
ISIC_0032537_mask.png;0.062421860378064756
ISIC_0030739_mask.png;0.14925668756960378
ISIC_0030963_mask.png;0.1126738927625392
ISIC_0024930_mask.png;0.8079786598718
ISIC_0033163_mask.png;0.8442760222480289
ISIC_0028598_mask.png;0.10061876337764915
ISIC_0029940_mask.png;0.787487394619015
ISIC_0025715_mask.png;0.009796974298408414
ISIC_0030777_mask.png;0.0026409109781580327
ISIC_0029939_mask.png;0.79994335080017
ISIC_0031206_mask.png;0.5550713469561289
ISIC_0029668_mask.png;0.017553586039718287
ISIC_0025798_mask.png;0.554843124711763
ISIC_0033467_mask.png;0.7495375112755516
ISIC_0026254_mask.png;0.2967791565474105
ISIC_0028425_mask.png;0.42498303636500717
ISIC_0032022_mask.png;0.4989581773451706
ISIC_0030308_mask.png;0.7336504013281904
ISIC_0025854_mask.png;0.2839331244577633
ISIC_0029496_mask.png;0.814459619952494
ISIC_0028087_mask.png;0.0
ISIC_0032638_mask.png;0.8748279276450842
ISIC_0026038_mask.png;0.7495229687010508
ISIC_0025344_mask.png;0.8550370925259164
ISIC_0028706_mask.png;0.7251344456068866
ISIC_0027066_mask.png;0.7299805890293529
ISIC_0032951_mask.png;0.020688413768275366
ISIC_0025995_mask.png;0.3885512518724588
ISIC_0031141_mask.png;0.016207267672162514
ISIC_0030304_mask.png;0.03685155402625575
ISIC_0031706_mask.png;0.0039021433960397265
ISIC_0029737_mask.png;0.8730236964748276
ISIC_0028240_mask.png;0.20049742807077045
ISIC_0031221_mask.png;0.004587414479097395
ISIC_0028782_mask.png;0.014463243629035644
ISIC_0027112_mask.png;0.04042925652985435
ISIC_0033900_mask.png;0.017112087352846528
ISIC_0025107_mask.png;0.06300448430493273
ISIC_0026775_mask.png;0.8073662235855488
ISIC_0028846_mask.png;0.10596279146313183
ISIC_0033583_mask.png;0.46159959310827137
ISIC_0028911_mask.png;0.08657932606948623
ISIC_0031149_mask.png;0.675292984427677
ISIC_0025763_mask.png;0.015831183880976412
ISIC_0027868_mask.png;0.06416761966060007
ISIC_0024782_mask.png;0.0036060804532923097
ISIC_0028526_mask.png;0.3057902584493042
ISIC_0031861_mask.png;0.8639890460976722
ISIC_0027737_mask.png;0.09450522979874966
ISIC_0033465_mask.png;0.6195723345742989
ISIC_0028576_mask.png;0.03589473643765297
ISIC_0025444_mask.png;0.11096562766546456
ISIC_0034213_mask.png;0.025027577825558568
ISIC_0030148_mask.png;0.5305527068430674
ISIC_0031090_mask.png;0.8628404150055632
ISIC_0033842_mask.png;0.009684444254665015
ISIC_0032597_mask.png;0.8519879161416666
ISIC_0024579_mask.png;0.8862833105661441
ISIC_0024918_mask.png;0.013498118159292834
ISIC_0027158_mask.png;0.8505544240778456
ISIC_0033992_mask.png;0.3093379360580197
ISIC_0026057_mask.png;0.16867136734411725
ISIC_0026959_mask.png;0.714489681341232
ISIC_0029888_mask.png;0.7417556379449726
ISIC_0032768_mask.png;0.052046384720327424
ISIC_0026393_mask.png;0.5395406937638129
ISIC_0024352_mask.png;0.005541015478950123
ISIC_0027610_mask.png;0.27190193237901145
ISIC_0032904_mask.png;0.8028987667200715
ISIC_0034169_mask.png;0.08427824316193826
ISIC_0025842_mask.png;0.5041190312290506
ISIC_0028204_mask.png;0.8335410361402884
ISIC_0028919_mask.png;0.12676225960633775
ISIC_0031224_mask.png;0.8193880704646131
ISIC_0026369_mask.png;0.18231289844110685
ISIC_0029462_mask.png;0.5613285263295538
ISIC_0030114_mask.png;0.008884081895979204
ISIC_0030198_mask.png;0.6984786008815583
ISIC_0030827_mask.png;0.00035939126555296685
ISIC_0026614_mask.png;0.6829133966680435
ISIC_0025697_mask.png;0.1964515408492579
ISIC_0026650_mask.png;0.697609630010354
ISIC_0027496_mask.png;0.8198065530974932
ISIC_0029911_mask.png;0.12484696433751097
ISIC_0024559_mask.png;0.8366986322304577
ISIC_0026310_mask.png;0.08780360319347143
ISIC_0029331_mask.png;0.5271026027102603
ISIC_0024650_mask.png;0.004127712118539425
ISIC_0027039_mask.png;0.3074349456417073
ISIC_0025587_mask.png;0.01788138160035
ISIC_0027223_mask.png;0.47231977715043094
ISIC_0033052_mask.png;0.917535337179098
ISIC_0032992_mask.png;0.6642608988008517
ISIC_0032063_mask.png;0.7998241817690019
ISIC_0033198_mask.png;0.04430267194238208
ISIC_0033891_mask.png;0.29808637967718504
ISIC_0033602_mask.png;0.7620958035785926
ISIC_0029192_mask.png;0.7026164000044974
ISIC_0031603_mask.png;0.00784172433159897
ISIC_0032452_mask.png;0.185602723566917
ISIC_0033919_mask.png;0.024057297455067975
ISIC_0033262_mask.png;0.05835896755578034
ISIC_0031363_mask.png;0.01305370074297
ISIC_0025568_mask.png;0.003221920044581013
ISIC_0030689_mask.png;0.6260577915376677
ISIC_0028925_mask.png;0.6239469274384225
ISIC_0028561_mask.png;0.28927708982410405
ISIC_0028917_mask.png;0.6865160769851331
ISIC_0032286_mask.png;0.001955368709212231
ISIC_0028247_mask.png;0.00334630855562474
ISIC_0031469_mask.png;0.0106814767197626
ISIC_0033920_mask.png;0.016405756589396425
ISIC_0024810_mask.png;0.16969956791028779
ISIC_0034065_mask.png;0.02075103793954947
ISIC_0030325_mask.png;0.21317410012625287
ISIC_0033932_mask.png;0.8865382775882409
ISIC_0028832_mask.png;0.24071527858872988
ISIC_0024484_mask.png;0.26105854693503067
ISIC_0033853_mask.png;0.06294865360148472
ISIC_0026196_mask.png;0.22373471775263595
ISIC_0033884_mask.png;0.10553811659192826
ISIC_0024993_mask.png;0.008378176382660687
ISIC_0024373_mask.png;0.09953074555146783
ISIC_0028571_mask.png;0.05249974727336037
ISIC_0025167_mask.png;0.7987335201910101
ISIC_0029190_mask.png;0.027785148693809585
ISIC_0031061_mask.png;0.24548483112986103
ISIC_0027543_mask.png;0.12401475485194695
ISIC_0030487_mask.png;0.7093149691917361
ISIC_0027236_mask.png;0.11944347904077492
ISIC_0029480_mask.png;0.011519148984258168
ISIC_0030904_mask.png;0.013073394495412845
ISIC_0026571_mask.png;0.6890531601784143
ISIC_0030630_mask.png;0.01923120077194085
ISIC_0031359_mask.png;0.0
ISIC_0028709_mask.png;0.2107374907139598
ISIC_0025834_mask.png;0.8236087871754736
ISIC_0030582_mask.png;0.02187473396639657
ISIC_0027802_mask.png;0.0007875234742574057
ISIC_0029666_mask.png;0.70886836092723
ISIC_0026116_mask.png;0.8698710894513442
ISIC_0029646_mask.png;0.8402833368088957
ISIC_0029236_mask.png;0.18634060299855004
ISIC_0028964_mask.png;0.2440836924211351
ISIC_0027902_mask.png;0.7485099951521373
ISIC_0033443_mask.png;0.9049923526412801
ISIC_0029881_mask.png;0.6718301670948746
ISIC_0031356_mask.png;0.8478595513854273
ISIC_0032702_mask.png;0.027683536920966378
ISIC_0032038_mask.png;0.7421662317180782
ISIC_0031328_mask.png;0.009547416275027008
ISIC_0032712_mask.png;0.6434304355177181
ISIC_0033368_mask.png;0.627222540866074
ISIC_0028649_mask.png;0.7573535829623811
ISIC_0028537_mask.png;0.40974208781728194
ISIC_0029995_mask.png;0.3360739594302396
ISIC_0031350_mask.png;0.09393408095150493
ISIC_0024970_mask.png;0.754529717253318
ISIC_0033736_mask.png;0.8656271524594447
ISIC_0030282_mask.png;0.158677055032894
ISIC_0030022_mask.png;0.27433581834758436
ISIC_0026601_mask.png;0.7724928366762178
ISIC_0029744_mask.png;0.6169482754741602
ISIC_0026090_mask.png;0.5080611080985059
ISIC_0027522_mask.png;0.6337003947641804
ISIC_0033995_mask.png;0.7952708907254362
ISIC_0027052_mask.png;0.555189975133292
ISIC_0031519_mask.png;0.5111659297992651
ISIC_0030626_mask.png;0.49868034807452766
ISIC_0026047_mask.png;0.32400578641836403
ISIC_0032688_mask.png;0.825281657925253
ISIC_0025525_mask.png;0.014363854338378541
ISIC_0031154_mask.png;0.0785726565361358
ISIC_0025352_mask.png;0.07386658518011922
ISIC_0028683_mask.png;0.6526603735509765
ISIC_0033304_mask.png;0.01999513044781151
ISIC_0027213_mask.png;0.2787660326117791
ISIC_0030347_mask.png;0.07755985260152332
ISIC_0031627_mask.png;0.017913738974435642
ISIC_0028998_mask.png;0.664983869776147
ISIC_0033648_mask.png;0.01672459543297081
ISIC_0030964_mask.png;0.6943257147244759
ISIC_0034031_mask.png;0.016986458087220362
ISIC_0030457_mask.png;0.01527419808559329
ISIC_0034060_mask.png;0.8983273635437548
ISIC_0031731_mask.png;0.00416704140060557
ISIC_0028944_mask.png;0.7941593614677792
ISIC_0032470_mask.png;0.22509163988348374
ISIC_0028133_mask.png;0.2683231030675725
ISIC_0031394_mask.png;0.03807161245026913
ISIC_0027520_mask.png;0.06540449434003162
ISIC_0027030_mask.png;0.8420778557252059
ISIC_0033927_mask.png;0.030113593901801062
ISIC_0027399_mask.png;0.8273926226306293
ISIC_0025086_mask.png;0.6858331167143229
ISIC_0033672_mask.png;0.741696628813499
ISIC_0030438_mask.png;0.2864705575548949
ISIC_0028010_mask.png;0.005342146279070658
ISIC_0033787_mask.png;0.06741892306196769
ISIC_0032931_mask.png;0.8223582053897113
ISIC_0032150_mask.png;0.0038450903166501005
ISIC_0031808_mask.png;0.27473013214219244
ISIC_0025106_mask.png;0.019311395306750318
ISIC_0027540_mask.png;0.822183140717345
ISIC_0028913_mask.png;0.08347029461894327
ISIC_0026223_mask.png;0.005118261733708424
ISIC_0028786_mask.png;0.34998448186247566
ISIC_0024342_mask.png;0.23883794573178052
ISIC_0034053_mask.png;0.012480886060255403
ISIC_0030699_mask.png;0.686678963469498
ISIC_0027266_mask.png;0.12143588517104015
ISIC_0030280_mask.png;0.8019188897478703
ISIC_0024966_mask.png;0.13053064275037368
ISIC_0032852_mask.png;0.8541071325828044
ISIC_0032734_mask.png;0.8682023972662145
ISIC_0033054_mask.png;0.789268749315355
ISIC_0027303_mask.png;0.16961892988409427
ISIC_0032340_mask.png;0.01878615418556562
ISIC_0031077_mask.png;0.9130843481676861
ISIC_0029063_mask.png;0.5180878294204123
ISIC_0033529_mask.png;0.006341625653501347
ISIC_0030893_mask.png;0.9387523123899525
ISIC_0029638_mask.png;0.4787989871886928
ISIC_0033764_mask.png;0.8687393437274948
ISIC_0031520_mask.png;0.5280909893126777
ISIC_0026898_mask.png;0.038909546900935774
ISIC_0026802_mask.png;0.0383771724254298
ISIC_0024853_mask.png;0.8402692290661117
ISIC_0030362_mask.png;0.7485255642765287
ISIC_0030758_mask.png;0.8246638598397392
ISIC_0034301_mask.png;0.0015447697926177122
ISIC_0024368_mask.png;0.3313662721151984
ISIC_0028975_mask.png;0.012587407360344435
ISIC_0033339_mask.png;0.011423980268689625
ISIC_0029078_mask.png;0.13001737700629684
ISIC_0033434_mask.png;0.13971536555003533
ISIC_0027325_mask.png;0.18538213180669946
ISIC_0031524_mask.png;0.5998134557325544
ISIC_0026405_mask.png;0.025883902150694516
ISIC_0027374_mask.png;0.01919413096775401
ISIC_0026818_mask.png;0.61412191701724
ISIC_0028225_mask.png;0.8263394953306784
ISIC_0030201_mask.png;0.758700778960909
ISIC_0026325_mask.png;0.6111140369356085
ISIC_0031588_mask.png;0.8449562050979235
ISIC_0034232_mask.png;0.014766637727150256
ISIC_0029836_mask.png;0.006624415270861626
ISIC_0026091_mask.png;0.4292952400954081
ISIC_0026557_mask.png;0.3783208618585151
ISIC_0027087_mask.png;0.8435648088648988
ISIC_0032408_mask.png;0.6619165864288248
ISIC_0032359_mask.png;0.8711594113662952
ISIC_0034107_mask.png;0.04547848857258709
ISIC_0027261_mask.png;0.0006110666273336423
ISIC_0029079_mask.png;0.6723713430530076
ISIC_0027238_mask.png;0.8381067800301082
ISIC_0027846_mask.png;0.4997447430102438
ISIC_0027047_mask.png;0.5094116554210967
ISIC_0029116_mask.png;0.662426614481409
ISIC_0028607_mask.png;0.026136151838966202
ISIC_0027679_mask.png;0.008260822941879346
ISIC_0028821_mask.png;0.29940256578331303
ISIC_0026838_mask.png;0.014862837668483527
ISIC_0027588_mask.png;0.22262228401851122
ISIC_0025615_mask.png;0.4075788699144618
ISIC_0026785_mask.png;0.17198430493273542
ISIC_0030581_mask.png;0.007530811590402518
ISIC_0032409_mask.png;0.01245151309053132
ISIC_0033194_mask.png;0.3724382573442833
ISIC_0029026_mask.png;0.02549587831649124
ISIC_0027814_mask.png;0.1533221225710015
ISIC_0033856_mask.png;0.05146363937059963
ISIC_0027598_mask.png;0.2897463112732274
ISIC_0033011_mask.png;0.46057232321475167
ISIC_0027574_mask.png;0.029422316563646828
ISIC_0032946_mask.png;0.7788277620912651
ISIC_0032226_mask.png;0.07086258232993242
ISIC_0033788_mask.png;0.0019213305931271806
ISIC_0028516_mask.png;0.05491545993242788
ISIC_0032129_mask.png;0.9251434653831914
ISIC_0028938_mask.png;0.8928336714575535
ISIC_0024522_mask.png;0.17721766977488934
ISIC_0027169_mask.png;0.11754857997010464
ISIC_0028585_mask.png;0.02415976619581101
ISIC_0030895_mask.png;0.7814248917778107
ISIC_0030420_mask.png;0.03670006636243722
ISIC_0033146_mask.png;0.5827270470157171
ISIC_0031789_mask.png;0.025916802963721994
ISIC_0028795_mask.png;0.5817940662322898
ISIC_0032344_mask.png;0.004173273102581745
ISIC_0028640_mask.png;0.4833075459349855
ISIC_0032969_mask.png;0.14077685133619372
ISIC_0032658_mask.png;0.6962029454551398
ISIC_0027263_mask.png;0.7989919131494405
ISIC_0024963_mask.png;0.15987775854114228
ISIC_0025882_mask.png;0.6357211569293914
ISIC_0027171_mask.png;0.8145744970621425
ISIC_0027871_mask.png;0.1695461496184576
ISIC_0032218_mask.png;0.001312762703086799
ISIC_0032912_mask.png;0.023583407148276468
ISIC_0029692_mask.png;0.7932434627253533
ISIC_0025878_mask.png;0.27826800115426087
ISIC_0031709_mask.png;0.2938844162225498
ISIC_0029128_mask.png;0.5120520420339505
ISIC_0027436_mask.png;0.36041666666666666
ISIC_0030852_mask.png;0.6411039467630408
ISIC_0028766_mask.png;0.010713022981732469
ISIC_0034214_mask.png;0.093381637287769
ISIC_0024856_mask.png;0.005056158811895966
ISIC_0028186_mask.png;0.7413120854230707
ISIC_0034223_mask.png;0.6226877465413877
ISIC_0027411_mask.png;0.8003605362229349
ISIC_0027541_mask.png;0.8765062363469804
ISIC_0031498_mask.png;0.7920541823767631
ISIC_0031950_mask.png;0.012183705889027573
ISIC_0029229_mask.png;0.9029079699918294
ISIC_0031936_mask.png;0.14961359661579396
ISIC_0025014_mask.png;0.10742303182680801
ISIC_0027639_mask.png;0.7055584016393442
ISIC_0026447_mask.png;0.02951765575451229
ISIC_0031967_mask.png;0.03080734677279676
ISIC_0030110_mask.png;0.3454976356549966
ISIC_0033034_mask.png;0.8110134178678948
ISIC_0032101_mask.png;0.021346549466990834
ISIC_0028644_mask.png;0.6429826433931591
ISIC_0033033_mask.png;0.018369887440514685
ISIC_0030886_mask.png;0.321787876522909
ISIC_0026015_mask.png;0.8105997697548455
ISIC_0029929_mask.png;0.655484129215491
ISIC_0025691_mask.png;0.024794786520309888
ISIC_0024763_mask.png;0.6369400276327191
ISIC_0031611_mask.png;0.818774643615408
ISIC_0025996_mask.png;0.8116599960470402
ISIC_0028335_mask.png;0.43076980792316927
ISIC_0029953_mask.png;0.8015603359803912
ISIC_0024489_mask.png;0.6969598083516011
ISIC_0033389_mask.png;0.4887904608510417
ISIC_0029779_mask.png;0.00981425048806921
ISIC_0029949_mask.png;0.29082609005014437
ISIC_0033179_mask.png;0.010644860966225841
ISIC_0026772_mask.png;0.6400531197810821
ISIC_0024450_mask.png;0.001375128918336094
ISIC_0031004_mask.png;0.019071980963712078
ISIC_0028352_mask.png;0.22406651425064827
ISIC_0026237_mask.png;0.0016476665479159245
ISIC_0028386_mask.png;0.20564092399860884
ISIC_0028357_mask.png;0.7431860028480467
ISIC_0032029_mask.png;0.07287840856281949
ISIC_0032243_mask.png;0.8174172598481323
ISIC_0033732_mask.png;0.002703962703962704
ISIC_0033306_mask.png;0.5735869735400031
ISIC_0029653_mask.png;0.0067332704127437215
ISIC_0032837_mask.png;0.4895932108848958
ISIC_0026815_mask.png;0.13372099541457544
ISIC_0026498_mask.png;0.07840058855428769
ISIC_0030835_mask.png;0.10168486822781768
ISIC_0031286_mask.png;0.6062557888966599
ISIC_0025302_mask.png;0.23735059948427412
ISIC_0027459_mask.png;0.19044056307679647
ISIC_0024609_mask.png;0.2731435300117752
ISIC_0027412_mask.png;0.7973350428133156
ISIC_0026306_mask.png;0.12926901273183183
ISIC_0030419_mask.png;0.023778377449038324
ISIC_0028142_mask.png;0.7320369539021336
ISIC_0025315_mask.png;0.6048749724793921
ISIC_0034318_mask.png;0.8772458466942749
ISIC_0027485_mask.png;0.8908996869170963
ISIC_0033032_mask.png;0.81667939960453
ISIC_0027567_mask.png;0.786731474375373
ISIC_0031318_mask.png;0.30441798040529666
